COUNTRY,REGION,HAPPINESS RANK,HAPPINESS SCORE,ECONOMY GDP PER CAPITA,FAMILY,HEALTH LIFE EXPECTANCY,FREEDOM,TRUST GOVERNMENT CORRUPTION,GENEROSITY,DYSTOPIA RESIDUAL,YEAR
SWITZERLAND,Western Europe,1.0,7.587000000000001,1.39651,1.34951,0.94143,0.66557,0.41978,0.29678,2.51738,2015
SWITZERLAND,Western Europe,2.0,7.508999999999999,1.52733,1.14524,0.86303,0.58557,0.41203,0.28083,2.69463,2016
SWITZERLAND,Western Europe,4.0,7.49399995803833,1.5649795532226598,1.51691174507141,0.858131289482117,0.620070576667786,0.367007285356522,0.2905492782592769,2.2767162322998,2017
ICELAND,Western Europe,2.0,7.561,1.30232,1.40223,0.94784,0.6287699999999999,0.14145,0.4363,2.70201,2015
ICELAND,Western Europe,3.0,7.501,1.42666,1.18326,0.8673299999999999,0.56624,0.14975,0.47678,2.83137,2016
ICELAND,Western Europe,3.0,7.50400018692017,1.480633020401,1.6105740070343,0.8335521221160892,0.6271626353263849,0.153526559472084,0.475540220737457,2.32271528244019,2017
DENMARK,Western Europe,3.0,7.527,1.32548,1.36058,0.87464,0.6493800000000001,0.48357,0.34139,2.4920400000000003,2015
DENMARK,Western Europe,1.0,7.526,1.4417799999999998,1.16374,0.79504,0.5794100000000001,0.44453,0.36171,2.73939,2016
DENMARK,Western Europe,2.0,7.52199983596802,1.48238301277161,1.55112159252167,0.7925655245780941,0.626006722450256,0.4007700681686399,0.3552804887294771,2.31370735168457,2017
NORWAY,Western Europe,4.0,7.522,1.459,1.33095,0.88521,0.66973,0.36503,0.34699,2.46531,2015
NORWAY,Western Europe,4.0,7.497999999999999,1.57744,1.1269,0.79579,0.59609,0.3577599999999999,0.37895,2.66465,2016
NORWAY,Western Europe,1.0,7.537000179290769,1.61646318435669,1.53352355957031,0.796666502952576,0.635422587394714,0.315963834524155,0.36201223731041,2.27702665328979,2017
CANADA,North America,5.0,7.427,1.32629,1.32261,0.90563,0.63297,0.32957,0.45811,2.45176,2015
CANADA,North America,6.0,7.404,1.44015,1.0961,0.8276,0.5737,0.31329,0.4483399999999999,2.70485,2016
CANADA,North America,7.0,7.31599998474121,1.47920441627502,1.48134899139404,0.83455765247345,0.611100912094116,0.287371516227722,0.435539722442627,2.18726444244385,2017
FINLAND,Western Europe,6.0,7.406000000000001,1.29025,1.31826,0.8891100000000001,0.64169,0.41372,0.23351,2.61955,2015
FINLAND,Western Europe,5.0,7.412999999999999,1.40598,1.13464,0.81091,0.57104,0.4100399999999999,0.25492,2.82596,2016
FINLAND,Western Europe,5.0,7.468999862670901,1.44357192516327,1.5402467250824,0.80915766954422,0.6179508566856379,0.38261154294014,0.24548277258873,2.4301815032959,2017
NETHERLANDS,Western Europe,7.0,7.377999999999999,1.32944,1.28017,0.89284,0.6157600000000001,0.31814,0.4761,2.4657,2015
NETHERLANDS,Western Europe,7.0,7.338999999999999,1.46468,1.02912,0.8123100000000001,0.55211,0.29927,0.47416,2.70749,2016
NETHERLANDS,Western Europe,6.0,7.3769998550415,1.50394463539124,1.42893922328949,0.8106961250305179,0.5853844881057739,0.282661825418472,0.470489829778671,2.29480409622192,2017
SWEDEN,Western Europe,8.0,7.364,1.33171,1.2890700000000002,0.91087,0.6598,0.4384399999999999,0.36262,2.3711900000000004,2015
SWEDEN,Western Europe,10.0,7.291,1.45181,1.08764,0.83121,0.58218,0.40867,0.38254,2.54734,2016
SWEDEN,Western Europe,9.0,7.28399991989136,1.49438726902008,1.47816216945648,0.830875158309937,0.612924098968506,0.384398728609085,0.3853992521762849,2.09753799438477,2017
NEW ZEALAND,Australia and New Zealand,9.0,7.286,1.2501799999999998,1.31967,0.90837,0.6393800000000001,0.42922,0.47501,2.26425,2015
NEW ZEALAND,Australia and New Zealand,8.0,7.334,1.36066,1.17278,0.83096,0.5814699999999999,0.4190399999999999,0.49401,2.47553,2016
NEW ZEALAND,Australia and New Zealand,8.0,7.31400012969971,1.40570604801178,1.54819512367249,0.816759705543518,0.6140621304512021,0.382816702127457,0.500005125999451,2.0464563369751,2017
AUSTRALIA,Australia and New Zealand,10.0,7.284,1.33358,1.30923,0.93156,0.6512399999999999,0.3563699999999999,0.43562,2.26646,2015
AUSTRALIA,Australia and New Zealand,9.0,7.313,1.44443,1.10476,0.8512,0.5683699999999999,0.32331,0.47407,2.5465,2016
AUSTRALIA,Australia and New Zealand,10.0,7.28399991989136,1.4844149351120002,1.5100419521331798,0.84388679265976,0.601607382297516,0.301183730363846,0.477699249982834,2.06521081924438,2017
ISRAEL,Middle East and Northern Africa,11.0,7.278,1.2285700000000002,1.22393,0.91387,0.4131899999999999,0.07785,0.3317199999999999,3.08854,2015
ISRAEL,Middle East and Northern Africa,11.0,7.267,1.33766,0.99537,0.8491700000000001,0.36432,0.08728,0.32288,3.31029,2016
ISRAEL,Middle East and Northern Africa,11.0,7.212999820709231,1.3753824234008798,1.37628996372223,0.83840399980545,0.4059886038303379,0.0852421000599859,0.330082654953003,2.80175733566284,2017
COSTA RICA,Latin America and Caribbean,12.0,7.226,0.95578,1.23788,0.8602700000000001,0.63376,0.10583,0.25497,3.17728,2015
COSTA RICA,Latin America and Caribbean,14.0,7.087000000000001,1.06879,1.02152,0.76146,0.55225,0.10547,0.22553,3.3516800000000004,2016
COSTA RICA,Latin America and Caribbean,12.0,7.0789999961853,1.10970628261566,1.4164036512374898,0.7595092654228209,0.580131649971008,0.100106589496136,0.214613229036331,2.89863920211792,2017
AUSTRIA,Western Europe,13.0,7.2,1.33723,1.29704,0.8904200000000001,0.62433,0.1867599999999999,0.33088,2.5332,2015
AUSTRIA,Western Europe,12.0,7.119,1.45038,1.0838299999999998,0.80565,0.54355,0.21348,0.32865,2.69343,2016
AUSTRIA,Western Europe,13.0,7.00600004196167,1.48709726333618,1.4599449634552,0.8153284192085269,0.567766189575195,0.221060365438461,0.316472321748734,2.1385064125061004,2017
MEXICO,Latin America and Caribbean,14.0,7.187,1.02054,0.91451,0.8144399999999999,0.48181,0.2131199999999999,0.14074,3.6021400000000003,2015
MEXICO,Latin America and Caribbean,21.0,6.778,1.1150799999999998,0.7146,0.71143,0.37709,0.18355,0.11735,3.55906,2016
MEXICO,Latin America and Caribbean,25.0,6.57800006866455,1.15318381786346,1.210862159729,0.709978997707367,0.412730008363724,0.132774114608765,0.1209904327988619,2.8371548652648904,2017
UNITED STATES,North America,15.0,7.119,1.39451,1.24711,0.86179,0.54604,0.1589,0.40105,2.51011,2015
UNITED STATES,North America,13.0,7.104,1.50796,1.04782,0.779,0.48163,0.14868,0.4107699999999999,2.72782,2016
UNITED STATES,North America,14.0,6.993000030517581,1.54625928401947,1.4199205636978105,0.7742866277694699,0.505740523338318,0.135638788342476,0.392578780651093,2.2181134223938,2017
BRAZIL,Latin America and Caribbean,16.0,6.983,0.98124,1.23287,0.69702,0.49049,0.17521,0.14574,3.26001,2015
BRAZIL,Latin America and Caribbean,17.0,6.952000000000001,1.08754,1.03938,0.61415,0.40425,0.1416599999999999,0.1577599999999999,3.5073300000000005,2016
BRAZIL,Latin America and Caribbean,22.0,6.63500022888184,1.10735321044922,1.43130600452423,0.6165523529052729,0.437453746795654,0.111092761158943,0.1623498946428299,2.7692670822143595,2017
LUXEMBOURG,Western Europe,17.0,6.946000000000001,1.56391,1.21963,0.91894,0.61583,0.37798,0.28034,1.96961,2015
LUXEMBOURG,Western Europe,20.0,6.871,1.69752,1.03999,0.8454200000000001,0.5487,0.35329,0.27571,2.11055,2016
LUXEMBOURG,Western Europe,18.0,6.86299991607666,1.74194359779358,1.45758366584778,0.845089495182037,0.59662789106369,0.31883442401886,0.283180981874466,1.61951208114624,2017
IRELAND,Western Europe,18.0,6.94,1.33596,1.36948,0.89533,0.6177699999999999,0.28703,0.45901,1.9757,2015
IRELAND,Western Europe,19.0,6.907,1.48341,1.16157,0.81455,0.54008,0.29754,0.44963,2.15988,2016
IRELAND,Western Europe,15.0,6.977000236511231,1.5357066392898602,1.55823111534119,0.8097826242446899,0.5731103420257571,0.29838815331459,0.42785832285881,1.77386903762817,2017
BELGIUM,Western Europe,19.0,6.937,1.30782,1.28566,0.8966700000000001,0.5845,0.2254,0.2225,2.4148400000000003,2015
BELGIUM,Western Europe,18.0,6.928999999999999,1.42539,1.05249,0.8195899999999999,0.51354,0.26248,0.2424,2.61355,2016
BELGIUM,Western Europe,17.0,6.89099979400635,1.46378076076508,1.4623126983642598,0.8180918693542479,0.5397707223892211,0.251343131065369,0.2315033376216889,2.12421035766602,2017
UNITED ARAB EMIRATES,Middle East and Northern Africa,20.0,6.901,1.42727,1.12575,0.80925,0.64157,0.38583,0.26428,2.24743,2015
UNITED ARAB EMIRATES,Middle East and Northern Africa,28.0,6.573,1.57352,0.8711399999999999,0.72993,0.56215,0.35561,0.26591,2.21507,2016
UNITED ARAB EMIRATES,Middle East and Northern Africa,21.0,6.6479997634887695,1.6263433694839498,1.26641023159027,0.726798236370087,0.60834527015686,0.324489563703537,0.3609419465065,1.734703540802,2017
UNITED KINGDOM,Western Europe,21.0,6.867000000000001,1.26637,1.28548,0.90943,0.59625,0.3206699999999999,0.51912,1.96994,2015
UNITED KINGDOM,Western Europe,23.0,6.725,1.40283,1.08672,0.80991,0.50036,0.27399,0.50156,2.1499900000000003,2016
UNITED KINGDOM,Western Europe,19.0,6.71400022506714,1.44163393974304,1.4964600801467902,0.805335938930511,0.508190035820007,0.265428066253662,0.492774158716202,1.70414352416992,2017
OMAN,Middle East and Northern Africa,22.0,6.853,1.36011,1.08182,0.76276,0.63274,0.32524,0.2154199999999999,2.4748900000000003,2015
OMAN,Middle East and Northern Africa,78.82978723404256,5.370727659882895,0.9278300665993272,0.9903466411073558,0.5799680453295953,0.40282771445329796,0.13478981744887564,0.24224108106504036,2.0927166380211846,2016
OMAN,Middle East and Northern Africa,78.82978723404256,5.370727659882895,0.9278300665993272,0.9903466411073558,0.5799680453295953,0.40282771445329796,0.13478981744887564,0.24224108106504036,2.0927166380211846,2017
VENEZUELA,Latin America and Caribbean,23.0,6.81,1.04424,1.25596,0.7205199999999999,0.42908,0.11069,0.05841,3.19131,2015
VENEZUELA,Latin America and Caribbean,44.0,6.084,1.1336700000000002,1.03302,0.6190399999999999,0.19847,0.08304,0.0425,2.97468,2016
VENEZUELA,Latin America and Caribbean,82.0,5.25,1.12843120098114,1.43133759498596,0.617144227027893,0.1539971232414249,0.064491122961044,0.065019629895687,1.78946375846863,2017
SINGAPORE,Southeastern Asia,24.0,6.797999999999999,1.52186,1.02,1.02525,0.54252,0.4921,0.31105,1.88501,2015
SINGAPORE,Southeastern Asia,22.0,6.739,1.64555,0.8675799999999999,0.94719,0.4877,0.4698699999999999,0.32706,1.99375,2016
SINGAPORE,Southeastern Asia,26.0,6.57200002670288,1.69227766990662,1.35381436347961,0.9494923949241642,0.549840569496155,0.4643077850341799,0.345965981483459,1.21636199951172,2017
PANAMA,Latin America and Caribbean,25.0,6.7860000000000005,1.06353,1.1985,0.79661,0.5421,0.0927,0.24434,2.84848,2015
PANAMA,Latin America and Caribbean,25.0,6.7010000000000005,1.18306,0.98912,0.70835,0.48927,0.08423,0.2418,3.00559,2016
PANAMA,Latin America and Caribbean,30.0,6.4520001411438,1.23374843597412,1.3731925487518302,0.706156134605408,0.550026834011078,0.070983923971653,0.21055693924427,2.30719995498657,2017
GERMANY,Western Europe,26.0,6.75,1.32792,1.29937,0.89186,0.6147699999999999,0.21843,0.28214,2.1156900000000003,2015
GERMANY,Western Europe,16.0,6.994,1.44787,1.09774,0.81487,0.53466,0.28551,0.3045199999999999,2.50931,2016
GERMANY,Western Europe,16.0,6.9510002136230495,1.48792338371277,1.47252035140991,0.798950731754303,0.562511384487152,0.276731938123703,0.336269170045853,2.01576995849609,2017
CHILE,Latin America and Caribbean,27.0,6.67,1.10715,1.12447,0.85857,0.44132,0.12869,0.33363,2.67585,2015
CHILE,Latin America and Caribbean,24.0,6.705,1.2167,0.90587,0.8188300000000001,0.37789,0.1145099999999999,0.31595,2.95505,2016
CHILE,Latin America and Caribbean,20.0,6.65199995040894,1.25278460979462,1.28402495384216,0.8194797039031979,0.376895278692245,0.082287982106209,0.3266624212265011,2.50958585739136,2017
QATAR,Middle East and Northern Africa,28.0,6.611000000000001,1.69042,1.0786,0.79733,0.6404,0.52208,0.32573,1.55674,2015
QATAR,Middle East and Northern Africa,36.0,6.375,1.82427,0.87964,0.71723,0.56679,0.48049,0.32388,1.58224,2016
QATAR,Middle East and Northern Africa,35.0,6.375,1.87076568603516,1.27429687976837,0.7100980877876278,0.604130983352661,0.439299255609512,0.330473870038986,1.1454644203186002,2017
FRANCE,Western Europe,29.0,6.575,1.27778,1.2603799999999998,0.94579,0.55011,0.20646,0.12332,2.21126,2015
FRANCE,Western Europe,32.0,6.478,1.39488,1.00508,0.83795,0.46562,0.17808,0.1216,2.4744,2016
FRANCE,Western Europe,31.0,6.44199991226196,1.43092346191406,1.38777685165405,0.8444658517837521,0.470222115516663,0.172502428293228,0.129762306809425,2.00595474243164,2017
ARGENTINA,Latin America and Caribbean,30.0,6.574,1.05351,1.24823,0.78723,0.44974,0.08484,0.1145099999999999,2.8360000000000003,2015
ARGENTINA,Latin America and Caribbean,26.0,6.65,1.15137,1.0661200000000002,0.69711,0.4228399999999999,0.07296,0.10989,3.12985,2016
ARGENTINA,Latin America and Caribbean,24.0,6.59899997711182,1.18529546260834,1.44045114517212,0.695137083530426,0.494519203901291,0.0597398877143859,0.109457060694695,2.61400532722473,2017
CZECH REPUBLIC,Central and Eastern Europe,31.0,6.505,1.17898,1.20643,0.84483,0.4636399999999999,0.02652,0.10686,2.67782,2015
CZECH REPUBLIC,Central and Eastern Europe,27.0,6.596,1.30915,1.00793,0.76376,0.41418,0.03986,0.09929,2.96211,2016
CZECH REPUBLIC,Central and Eastern Europe,23.0,6.60900020599365,1.35268235206604,1.43388521671295,0.754444003105164,0.4909461736679079,0.036872927099466,0.088106758892536,2.45186185836792,2017
URUGUAY,Latin America and Caribbean,32.0,6.485,1.06166,1.2089,0.8116,0.6036199999999999,0.24558,0.2324,2.3214200000000003,2015
URUGUAY,Latin America and Caribbean,29.0,6.545,1.18157,1.0314299999999998,0.72183,0.54388,0.21394,0.18056,2.67139,2016
URUGUAY,Latin America and Caribbean,28.0,6.4539999961853,1.21755969524384,1.41222786903381,0.719216823577881,0.5793922543525699,0.178061872720718,0.175096929073334,2.17240953445435,2017
COLOMBIA,Latin America and Caribbean,33.0,6.477,0.91861,1.2401799999999998,0.69077,0.53466,0.0512,0.1840099999999999,2.85737,2015
COLOMBIA,Latin America and Caribbean,31.0,6.481,1.03032,1.02169,0.59659,0.44735,0.0539899999999999,0.1562599999999999,3.17471,2016
COLOMBIA,Latin America and Caribbean,36.0,6.35699987411499,1.07062232494354,1.4021829366683998,0.595027923583984,0.4774874150753019,0.046668741852045,0.1490144729614259,2.6160681247711204,2017
THAILAND,Southeastern Asia,34.0,6.455,0.9669,1.26504,0.7385,0.5566399999999999,0.0318699999999999,0.5763,2.31945,2015
THAILAND,Southeastern Asia,33.0,6.474,1.0893,1.04477,0.64915,0.49553,0.02833,0.58696,2.5796,2016
THAILAND,Southeastern Asia,32.0,6.423999786376951,1.12786877155304,1.4257924556732198,0.647239029407501,0.580200731754303,0.031612735241652,0.572123110294342,2.03950834274292,2017
SAUDI ARABIA,Middle East and Northern Africa,35.0,6.4110000000000005,1.39541,1.0839299999999998,0.72025,0.31048,0.32524,0.13706,2.43872,2015
SAUDI ARABIA,Middle East and Northern Africa,34.0,6.379,1.48953,0.84829,0.59267,0.37904,0.30008,0.15457,2.61482,2016
SAUDI ARABIA,Middle East and Northern Africa,37.0,6.343999862670901,1.53062355518341,1.28667759895325,0.590148329734802,0.449750572443008,0.27343225479126,0.147616013884544,2.0654296875,2017
SPAIN,Western Europe,36.0,6.329,1.23011,1.31379,0.95562,0.45951,0.06398,0.18227,2.12367,2015
SPAIN,Western Europe,37.0,6.361000000000001,1.34253,1.12945,0.8789600000000001,0.37545,0.06137,0.17665,2.39663,2016
SPAIN,Western Europe,34.0,6.40299987792969,1.38439786434174,1.53209090232849,0.888960599899292,0.408781230449677,0.070914097130299,0.190133571624756,1.92775774002075,2017
MALTA,Western Europe,37.0,6.3020000000000005,1.2074,1.30203,0.88721,0.60365,0.1358599999999999,0.51752,1.6488,2015
MALTA,Western Europe,30.0,6.488,1.30782,1.09879,0.80315,0.54994,0.17554,0.56237,1.99032,2016
MALTA,Western Europe,27.0,6.52699995040894,1.34327983856201,1.48841166496277,0.821944236755371,0.588767051696777,0.153066068887711,0.5747305750846861,1.55686283111572,2017
TAIWAN,Eastern Asia,38.0,6.297999999999999,1.29098,1.07617,0.8753,0.3974,0.08129,0.25376,2.32323,2015
TAIWAN,Eastern Asia,34.0,6.379,1.39729,0.92624,0.79565,0.32377,0.0663,0.25495,2.61523,2016
TAIWAN,Eastern Asia,33.0,6.42199993133545,1.4336265325546298,1.38456535339355,0.793984234333038,0.361466586589813,0.063829235732555,0.258360475301743,2.1266074180603,2017
KUWAIT,Middle East and Northern Africa,39.0,6.295,1.5542200000000002,1.16594,0.72492,0.55499,0.25609,0.16228,1.87634,2015
KUWAIT,Middle East and Northern Africa,41.0,6.239,1.61714,0.8775799999999999,0.63569,0.43166,0.23669,0.15965,2.28085,2016
KUWAIT,Middle East and Northern Africa,39.0,6.10500001907349,1.63295245170593,1.25969874858856,0.6321057081222529,0.4963375926017759,0.215159550309181,0.228289797902107,1.64042520523071,2017
SURINAME,Latin America and Caribbean,40.0,6.269,0.99534,0.972,0.6082,0.5965699999999999,0.13633,0.1699099999999999,2.79094,2015
SURINAME,Latin America and Caribbean,40.0,6.269,1.09686,0.77866,0.5093300000000001,0.5223399999999999,0.12692,0.16665,3.06852,2016
SURINAME,Latin America and Caribbean,78.82978723404256,5.370727659882895,0.9278300665993272,0.9903466411073558,0.5799680453295953,0.40282771445329796,0.13478981744887564,0.24224108106504036,2.0927166380211846,2017
TRINIDAD AND TOBAGO,Latin America and Caribbean,41.0,6.167999999999999,1.21183,1.18354,0.61483,0.55884,0.0114,0.31844,2.2688200000000003,2015
TRINIDAD AND TOBAGO,Latin America and Caribbean,43.0,6.167999999999999,1.32572,0.98569,0.52608,0.48453,0.01241,0.31935,2.5139400000000003,2016
TRINIDAD AND TOBAGO,Latin America and Caribbean,38.0,6.1680002212524405,1.36135590076447,1.3802285194397,0.5199832916259771,0.518630743026733,0.008964816108346,0.3252964615821839,2.0532474517822297,2017
EL SALVADOR,Latin America and Caribbean,42.0,6.13,0.76454,1.02507,0.67737,0.4035,0.1177599999999999,0.10692,3.035,2015
EL SALVADOR,Latin America and Caribbean,46.0,6.068,0.8737,0.80975,0.596,0.37269,0.10613,0.08877,3.22134,2016
EL SALVADOR,Latin America and Caribbean,45.0,6.002999782562259,0.909784495830536,1.1821250915527302,0.596018552780151,0.432452529668808,0.089980959892273,0.0782579854130749,2.7145938873291,2017
GUATEMALA,Latin America and Caribbean,43.0,6.122999999999999,0.74553,1.04356,0.64425,0.57733,0.09472,0.27489,2.74255,2015
GUATEMALA,Latin America and Caribbean,39.0,6.324,0.83454,0.8711899999999999,0.5403899999999999,0.50379,0.08701,0.28808,3.19863,2016
GUATEMALA,Latin America and Caribbean,29.0,6.4539999961853,0.872001945972443,1.25558519363403,0.540239989757538,0.5313106179237371,0.077223278582096,0.283488392829895,2.89389109611511,2017
UZBEKISTAN,Central and Eastern Europe,44.0,6.002999999999999,0.63244,1.34043,0.59772,0.6582100000000001,0.30826,0.22837,2.23741,2015
UZBEKISTAN,Central and Eastern Europe,49.0,5.987,0.7359100000000001,1.1681,0.50163,0.60848,0.28333,0.34326,2.34638,2016
UZBEKISTAN,Central and Eastern Europe,47.0,5.97100019454956,0.786441087722778,1.54896914958954,0.498272627592087,0.6582486629486078,0.246528223156929,0.4159836471080779,1.81691360473633,2017
SLOVAKIA,Central and Eastern Europe,45.0,5.995,1.16891,1.26999,0.7890199999999999,0.31751,0.03431,0.16893,2.2463900000000003,2015
SLOVAKIA,Central and Eastern Europe,45.0,6.077999999999999,1.27973,1.08268,0.70367,0.2339099999999999,0.02947,0.13837,2.61065,2016
SLOVAKIA,Central and Eastern Europe,40.0,6.09800004959106,1.32539355754852,1.5050592422485398,0.712732911109924,0.295817464590073,0.024210851639509,0.136544480919838,2.09777665138245,2017
JAPAN,Eastern Asia,46.0,5.987,1.27074,1.25712,0.99111,0.49615,0.1806,0.10705,1.68435,2015
JAPAN,Eastern Asia,53.0,5.921,1.38007,1.06054,0.91491,0.46761,0.18985,0.10224,1.80584,2016
JAPAN,Eastern Asia,51.0,5.92000007629395,1.41691517829895,1.43633782863617,0.9134758710861208,0.505625545978546,0.163760736584663,0.1205727681517599,1.36322355270386,2017
SOUTH KOREA,Eastern Asia,47.0,5.984,1.24461,0.95774,0.96538,0.33208,0.07857,0.18557,2.21978,2015
SOUTH KOREA,Eastern Asia,57.0,5.835,1.35948,0.7219399999999999,0.88645,0.25168,0.07716,0.18824,2.35015,2016
SOUTH KOREA,Eastern Asia,55.0,5.837999820709231,1.40167844295502,1.1282744407653795,0.900214076042175,0.257921665906906,0.063282668590546,0.206674367189407,1.8803780078887904,2017
ECUADOR,Latin America and Caribbean,48.0,5.975,0.8640200000000001,0.99903,0.79075,0.4857399999999999,0.1809,0.1154099999999999,2.53942,2015
ECUADOR,Latin America and Caribbean,51.0,5.976,0.97306,0.85974,0.68613,0.4027,0.18037,0.10074,2.77366,2016
ECUADOR,Latin America and Caribbean,44.0,6.00799989700317,1.00082039833069,1.28616881370544,0.685636222362518,0.4551981985569,0.140134647488594,0.150112465023994,2.29035258293152,2017
BAHRAIN,Middle East and Northern Africa,49.0,5.96,1.32376,1.21624,0.74716,0.45492,0.306,0.17362,1.73797,2015
BAHRAIN,Middle East and Northern Africa,42.0,6.218,1.44024,0.94397,0.65696,0.47375,0.25772,0.17147,2.27405,2016
BAHRAIN,Middle East and Northern Africa,41.0,6.08699989318848,1.48841226100922,1.3231104612350502,0.653133034706116,0.536746919155121,0.257042169570923,0.1726684868335719,1.65614938735962,2017
ITALY,Western Europe,50.0,5.948,1.25114,1.19777,0.95446,0.26236,0.02901,0.22823,2.02518,2015
ITALY,Western Europe,50.0,5.977,1.35495,1.04167,0.8510200000000001,0.18827,0.02556,0.16684,2.34918,2016
ITALY,Western Europe,48.0,5.96400022506714,1.39506661891937,1.44492328166962,0.8531443476676941,0.256450712680817,0.0280280914157629,0.1727896481752399,1.81331205368042,2017
BOLIVIA,Latin America and Caribbean,51.0,5.89,0.68133,0.97841,0.5392,0.57414,0.088,0.20536,2.82334,2015
BOLIVIA,Latin America and Caribbean,59.0,5.822,0.79422,0.8377899999999999,0.4697,0.50961,0.07746,0.21698,2.91635,2016
BOLIVIA,Latin America and Caribbean,58.0,5.82299995422363,0.833756566047668,1.22761905193329,0.473630249500275,0.5587329268455511,0.06047772616148,0.22556072473526,2.44327902793884,2017
MOLDOVA,Central and Eastern Europe,52.0,5.888999999999999,0.59448,1.01528,0.61826,0.32818,0.01615,0.20951,3.10712,2015
MOLDOVA,Central and Eastern Europe,55.0,5.897,0.69177,0.8313200000000001,0.5230899999999999,0.2520199999999999,0.01903,0.19997,3.38007,2016
MOLDOVA,Central and Eastern Europe,56.0,5.837999820709231,0.7288706302642819,1.25182557106018,0.5894652009010309,0.2407290488481519,0.010091286152601,0.208779126405716,2.80780839920044,2017
PARAGUAY,Latin America and Caribbean,53.0,5.877999999999999,0.75985,1.30477,0.66098,0.53899,0.08242,0.3424,2.18896,2015
PARAGUAY,Latin America and Caribbean,70.0,5.537999999999999,0.8937299999999999,1.11111,0.58295,0.46235,0.07396,0.25296,2.16091,2016
PARAGUAY,Latin America and Caribbean,70.0,5.493000030517581,0.932537317276001,1.50728487968445,0.579250693321228,0.473507791757584,0.091065913438797,0.224150657653809,1.6853334903717,2017
KAZAKHSTAN,Central and Eastern Europe,54.0,5.855,1.12254,1.12241,0.64368,0.51649,0.08454,0.11827,2.24729,2015
KAZAKHSTAN,Central and Eastern Europe,54.0,5.919,1.22943,0.95544,0.57386,0.4052,0.11132,0.15011,2.49325,2016
KAZAKHSTAN,Central and Eastern Europe,60.0,5.8189997673034695,1.2845562696456898,1.38436901569366,0.6060415506362921,0.437454283237457,0.119282886385918,0.2019644230604169,1.78489255905151,2017
SLOVENIA,Central and Eastern Europe,55.0,5.848,1.18498,1.27385,0.8733700000000001,0.60855,0.03787,0.25328,1.61583,2015
SLOVENIA,Central and Eastern Europe,63.0,5.768,1.29947,1.05613,0.79151,0.53164,0.03635,0.25738,1.79522,2016
SLOVENIA,Central and Eastern Europe,62.0,5.75799989700317,1.3412059545517,1.4525188207626298,0.7908282279968258,0.572575807571411,0.045128978788853,0.242649093270302,1.31331729888916,2017
LITHUANIA,Central and Eastern Europe,56.0,5.832999999999999,1.14723,1.25745,0.73128,0.2134199999999999,0.01031,0.02641,2.4464900000000003,2015
LITHUANIA,Central and Eastern Europe,60.0,5.813,1.2692,1.06411,0.64674,0.18929,0.0182,0.02025,2.60525,2016
LITHUANIA,Central and Eastern Europe,52.0,5.90199995040894,1.3145823478698702,1.47351610660553,0.62894994020462,0.234231784939766,0.011865642853081,0.010164656676352,2.22844052314758,2017
NICARAGUA,Latin America and Caribbean,57.0,5.827999999999999,0.59325,1.14184,0.7431399999999999,0.55475,0.19317,0.27815,2.32407,2015
NICARAGUA,Latin America and Caribbean,48.0,5.992000000000001,0.69384,0.8952100000000001,0.65213,0.4658199999999999,0.16292,0.29773,2.82428,2016
NICARAGUA,Latin America and Caribbean,43.0,6.07100009918213,0.737299203872681,1.28721570968628,0.6530959606170649,0.447551846504211,0.130687981843948,0.301674216985703,2.51393055915833,2017
PERU,Latin America and Caribbean,58.0,5.824,0.9001899999999999,0.97459,0.73017,0.41496,0.05989,0.14982,2.5945,2015
PERU,Latin America and Caribbean,64.0,5.742999999999999,0.99602,0.81255,0.6299399999999999,0.3750199999999999,0.05292,0.14527,2.73117,2016
PERU,Latin America and Caribbean,63.0,5.71500015258789,1.03522527217865,1.21877038478851,0.6301661133766171,0.4500028789043429,0.047049086540937,0.126819714903831,2.20726943016052,2017
BELARUS,Central and Eastern Europe,59.0,5.813,1.0319200000000002,1.23289,0.7360800000000001,0.37938,0.1909,0.1104599999999999,2.1309,2015
BELARUS,Central and Eastern Europe,61.0,5.8020000000000005,1.1306200000000002,1.04993,0.6310399999999999,0.29091,0.17457,0.13942,2.3858200000000003,2016
BELARUS,Central and Eastern Europe,67.0,5.5689997673034695,1.15655755996704,1.4449452161788898,0.6377142667770389,0.295400261878967,0.156313821673393,0.15513750910759,1.72323298454285,2017
POLAND,Central and Eastern Europe,60.0,5.791,1.12555,1.27948,0.77903,0.53122,0.04212,0.16759,1.86565,2015
POLAND,Central and Eastern Europe,57.0,5.835,1.24585,1.04685,0.69058,0.4519,0.055,0.14443,2.20035,2016
POLAND,Central and Eastern Europe,46.0,5.97300004959106,1.29178786277771,1.44571197032928,0.699475347995758,0.520342111587524,0.059307806193829,0.158465966582298,1.7977228164672898,2017
MALAYSIA,Southeastern Asia,61.0,5.77,1.12486,1.07023,0.7239399999999999,0.5302399999999999,0.1050099999999999,0.33075,1.88541,2015
MALAYSIA,Southeastern Asia,47.0,6.005,1.25142,0.88025,0.62366,0.39031,0.09081,0.4147399999999999,2.35384,2016
MALAYSIA,Southeastern Asia,42.0,6.08400011062622,1.29121541976929,1.28464603424072,0.618784427642822,0.4022649824619289,0.065600708127022,0.416608929634094,2.00444889068604,2017
CROATIA,Central and Eastern Europe,62.0,5.759,1.08254,0.79624,0.78805,0.25883,0.0243,0.0544399999999999,2.75414,2015
CROATIA,Central and Eastern Europe,74.0,5.488,1.18649,0.6080899999999999,0.70524,0.2390699999999999,0.04002,0.18434,2.52462,2016
CROATIA,Central and Eastern Europe,77.0,5.2930002212524405,1.22255623340607,0.96798300743103,0.701288521289825,0.255772292613983,0.043103110045195,0.248002976179123,1.85449242591858,2017
LIBYA,Middle East and Northern Africa,63.0,5.754,1.13145,1.1186200000000002,0.7038,0.41668,0.11023,0.18295,2.09066,2015
LIBYA,Middle East and Northern Africa,67.0,5.615,1.0668799999999998,0.95076,0.52304,0.4067199999999999,0.10339,0.17087,2.39374,2016
LIBYA,Middle East and Northern Africa,68.0,5.525000095367429,1.10180306434631,1.35756433010101,0.520169019699097,0.465733230113983,0.092610210180283,0.1520736664533619,1.8350112438201895,2017
RUSSIA,Central and Eastern Europe,64.0,5.716,1.13764,1.23617,0.6692600000000001,0.36679,0.03005,0.00199,2.27394,2015
RUSSIA,Central and Eastern Europe,56.0,5.856,1.2322799999999998,1.05261,0.58991,0.32682,0.03586,0.02736,2.59115,2016
RUSSIA,Central and Eastern Europe,49.0,5.962999820709231,1.28177809715271,1.46928238868713,0.547349333763123,0.373783111572266,0.032962881028652,0.05226382240653,2.20560741424561,2017
JAMAICA,Latin America and Caribbean,65.0,5.709,0.81038,1.1510200000000002,0.6874100000000001,0.50442,0.02299,0.2123,2.32038,2015
JAMAICA,Latin America and Caribbean,73.0,5.51,0.89333,0.96372,0.5946899999999999,0.4359699999999999,0.04294,0.22245,2.35682,2016
JAMAICA,Latin America and Caribbean,76.0,5.31099987030029,0.925579309463501,1.3682180643081698,0.6410223841667181,0.474307239055634,0.055267781019211,0.233818337321281,1.61232566833496,2017
NORTH CYPRUS,Western Europe,66.0,5.695,1.20806,1.07008,0.92356,0.49027,0.1428,0.26169,1.59888,2015
NORTH CYPRUS,Western Europe,62.0,5.771,1.31141,0.81826,0.8414200000000001,0.43596,0.1657799999999999,0.26322,1.93447,2016
NORTH CYPRUS,Western Europe,61.0,5.80999994277954,1.3469113111496,1.18630337715149,0.834647238254547,0.4712036252021789,0.155353352427483,0.266845703125,1.54915761947632,2017
CYPRUS,Western Europe,67.0,5.689,1.20813,0.89318,0.92356,0.4067199999999999,0.06146,0.30638,1.88931,2015
CYPRUS,Western Europe,69.0,5.546,1.31857,0.70697,0.8488,0.29507,0.0522799999999999,0.27906,2.04497,2016
CYPRUS,Western Europe,65.0,5.62099981307983,1.35593807697296,1.13136327266693,0.84471470117569,0.355111539363861,0.041237976402044,0.271254301071167,1.62124919891357,2017
ALGERIA,Middle East and Northern Africa,68.0,5.605,0.93929,1.07772,0.61766,0.28579,0.1738299999999999,0.07822,2.43209,2015
ALGERIA,Middle East and Northern Africa,38.0,6.355,1.05266,0.83309,0.6180399999999999,0.21006,0.16157,0.07044,3.40904,2016
ALGERIA,Middle East and Northern Africa,53.0,5.872000217437741,1.09186446666718,1.1462174654007,0.6175846457481379,0.233335807919502,0.146096110343933,0.069436646997929,2.5676038265228303,2017
KOSOVO,Central and Eastern Europe,69.0,5.589,0.80148,0.81198,0.63132,0.24749,0.04741,0.2831,2.76579,2015
KOSOVO,Central and Eastern Europe,77.0,5.401,0.90145,0.66062,0.54,0.14396,0.06547,0.27992,2.80998,2016
KOSOVO,Central and Eastern Europe,78.0,5.27899980545044,0.951484382152557,1.13785350322723,0.541452050209045,0.260287940502167,0.057471618056297,0.319931447505951,2.01054072380066,2017
TURKMENISTAN,Central and Eastern Europe,70.0,5.547999999999999,0.95847,1.22668,0.53886,0.4761,0.30844,0.16979,1.86984,2015
TURKMENISTAN,Central and Eastern Europe,65.0,5.658,1.08017,1.03817,0.44006,0.37408,0.28467,0.2256699999999999,2.21489,2016
TURKMENISTAN,Central and Eastern Europe,59.0,5.82200002670288,1.1307767629623402,1.49314916133881,0.437726080417633,0.41827192902565,0.2592703402042389,0.2499249875545499,1.83290982246399,2017
MAURITIUS,Sub-Saharan Africa,71.0,5.477,1.00761,0.98521,0.7095,0.56066,0.07521,0.37744,1.76145,2015
MAURITIUS,Sub-Saharan Africa,66.0,5.648,1.14372,0.75695,0.66189,0.46145,0.0520299999999999,0.36951,2.20223,2016
MAURITIUS,Sub-Saharan Africa,64.0,5.62900018692017,1.18939554691315,1.20956099033356,0.6380074620246889,0.491247326135635,0.042181555181742,0.360933750867844,1.6975839138031,2017
HONG KONG,Eastern Asia,72.0,5.474,1.38604,1.05818,1.01328,0.59608,0.37124,0.39478,0.6542899999999999,2015
HONG KONG,Eastern Asia,75.0,5.457999999999999,1.5107,0.87021,0.95277,0.4807899999999999,0.31647,0.40097,0.92614,2016
HONG KONG,Eastern Asia,71.0,5.47200012207031,1.55167484283447,1.26279091835022,0.943062424659729,0.490968644618988,0.2939337491989139,0.374465793371201,0.554633140563965,2017
ESTONIA,Central and Eastern Europe,73.0,5.428999999999999,1.15174,1.22791,0.77361,0.44888,0.15184,0.0868,1.58782,2015
ESTONIA,Central and Eastern Europe,72.0,5.517,1.27964,1.0516299999999998,0.68098,0.41511,0.18519,0.08423,1.81985,2016
ESTONIA,Central and Eastern Europe,66.0,5.61100006103516,1.3208793401718102,1.47667109966278,0.695168316364288,0.479131430387497,0.183248922228813,0.09889081120491,1.35750865936279,2017
INDONESIA,Southeastern Asia,74.0,5.399,0.8282700000000001,1.0870799999999998,0.63793,0.46611,0.0,0.51535,1.86399,2015
INDONESIA,Southeastern Asia,79.0,5.314,0.95104,0.87625,0.4937399999999999,0.39237,0.00322,0.56521,2.03171,2016
INDONESIA,Southeastern Asia,81.0,5.26200008392334,0.995538592338562,1.27444469928741,0.492345720529556,0.443323463201523,0.0153171354904769,0.611704587936401,1.42947697639465,2017
VIETNAM,Southeastern Asia,75.0,5.36,0.63216,0.91226,0.7467600000000001,0.59444,0.1044099999999999,0.1686,2.20173,2015
VIETNAM,Southeastern Asia,96.0,5.061,0.74037,0.7911699999999999,0.66157,0.5595399999999999,0.11556,0.25075,1.9418,2016
VIETNAM,Southeastern Asia,94.0,5.07399988174438,0.7885475754737851,1.27749133110046,0.6521689891815191,0.571055591106415,0.087633237242699,0.2349680513143539,1.46231865882874,2017
TURKEY,Middle East and Northern Africa,76.0,5.332000000000001,1.06098,0.94632,0.73172,0.22815,0.15746,0.12253,2.08528,2015
TURKEY,Middle East and Northern Africa,78.0,5.388999999999999,1.1649200000000002,0.8771700000000001,0.64718,0.23889,0.1234799999999999,0.04707,2.29074,2016
TURKEY,Middle East and Northern Africa,69.0,5.5,1.1982743740081798,1.33775317668915,0.6376056075096129,0.300740599632263,0.099671579897404,0.046693041920662,1.87927794456482,2017
KYRGYZSTAN,Central and Eastern Europe,77.0,5.2860000000000005,0.47428,1.15115,0.65088,0.43477,0.0423199999999999,0.3003,2.2327,2015
KYRGYZSTAN,Central and Eastern Europe,85.0,5.185,0.5604399999999999,0.95434,0.5544899999999999,0.40212,0.0476199999999999,0.38432,2.28136,2016
KYRGYZSTAN,Central and Eastern Europe,98.0,5.0040001869201705,0.5962200760841371,1.39423859119415,0.553457796573639,0.454943388700485,0.039439179003239,0.42858037352562,1.53672313690186,2017
NIGERIA,Sub-Saharan Africa,78.0,5.268,0.65435,0.90432,0.16007,0.34334,0.0403,0.27233,2.89319,2015
NIGERIA,Sub-Saharan Africa,103.0,4.875,0.75216,0.64498,0.05108,0.27854,0.0305,0.23219,2.88586,2016
NIGERIA,Sub-Saharan Africa,95.0,5.07399988174438,0.783756256103516,1.21577048301697,0.056915730237961,0.394952565431595,0.026121566072106,0.2309471964836119,2.36539053916931,2017
BHUTAN,Southern Asia,79.0,5.252999999999999,0.77042,1.10395,0.57407,0.5320600000000001,0.15445,0.47998,1.63794,2015
BHUTAN,Southern Asia,84.0,5.196000000000001,0.8527,0.90836,0.49759,0.46074,0.1616,0.48546,1.82916,2016
BHUTAN,Southern Asia,97.0,5.01100015640259,0.885416388511658,1.3401265144348102,0.495879292488098,0.5015376806259161,0.173380389809608,0.474054545164108,1.14018440246582,2017
AZERBAIJAN,Central and Eastern Europe,80.0,5.212000000000001,1.02389,0.93793,0.64045,0.3703,0.16065,0.07799,2.00073,2015
AZERBAIJAN,Central and Eastern Europe,81.0,5.291,1.12373,0.76042,0.54504,0.35327,0.17914,0.0564,2.2735,2016
AZERBAIJAN,Central and Eastern Europe,85.0,5.234000205993651,1.1536017656326298,1.15240025520325,0.5407757759094239,0.398155838251114,0.180987507104874,0.0452693402767179,1.7624816894531203,2017
PAKISTAN,Southern Asia,81.0,5.194,0.59543,0.41411,0.51466,0.12102,0.10464,0.33671,3.1070900000000004,2015
PAKISTAN,Southern Asia,92.0,5.132000000000001,0.68816,0.26135,0.40306,0.14622,0.1388,0.31185,3.18286,2016
PAKISTAN,Southern Asia,80.0,5.26900005340576,0.7268835306167599,0.6726906895637509,0.4020477831363679,0.23521526157856,0.124348066747189,0.315446019172668,2.7924892902374303,2017
MONTENEGRO,Central and Eastern Europe,82.0,5.192,0.97438,0.90557,0.72521,0.1826,0.14296,0.1614,2.10017,2015
MONTENEGRO,Central and Eastern Europe,88.0,5.1610000000000005,1.07838,0.74173,0.6353300000000001,0.15111,0.12721,0.1719099999999999,2.25531,2016
MONTENEGRO,Central and Eastern Europe,83.0,5.23699998855591,1.12112903594971,1.23837649822235,0.6674646735191351,0.194989055395126,0.0881741940975189,0.197911024093628,1.72919154167175,2017
JORDAN,Middle East and Northern Africa,82.0,5.192,0.90198,1.05392,0.69639,0.4066099999999999,0.14293,0.1105299999999999,1.87996,2015
JORDAN,Middle East and Northern Africa,80.0,5.303,0.99673,0.86216,0.60712,0.36023,0.13297,0.14262,2.20142,2016
JORDAN,Middle East and Northern Africa,74.0,5.33599996566772,0.9910123944282528,1.23908889293671,0.6045900583267211,0.418421149253845,0.11980327218771,0.1721704602241519,1.79117655754089,2017
CHINA,Eastern Asia,84.0,5.14,0.89012,0.94675,0.81658,0.5169699999999999,0.02781,0.08185,1.8604,2015
CHINA,Eastern Asia,83.0,5.245,1.0278,0.79381,0.73561,0.4401199999999999,0.02745,0.0495899999999999,2.17087,2016
CHINA,Eastern Asia,79.0,5.2729997634887695,1.08116579055786,1.16083741188049,0.741415500640869,0.4727877080440519,0.022794274613261,0.028806841000915,1.76493859291077,2017
ZAMBIA,Sub-Saharan Africa,85.0,5.129,0.47038,0.91612,0.29924,0.48827,0.12468,0.19591,2.6343,2015
ZAMBIA,Sub-Saharan Africa,106.0,4.795,0.61202,0.6376,0.23573,0.42662,0.11479,0.1786599999999999,2.58991,2016
ZAMBIA,Sub-Saharan Africa,116.0,4.513999938964839,0.6364067792892459,1.00318729877472,0.2578358948230739,0.461603492498398,0.078213550150394,0.249580144882202,1.82670545578003,2017
ROMANIA,Central and Eastern Europe,86.0,5.124,1.04345,0.8858799999999999,0.7689,0.35068,0.00649,0.13748,1.93129,2015
ROMANIA,Central and Eastern Europe,71.0,5.528,1.1697,0.7280300000000001,0.67602,0.36712,0.00679,0.12889,2.45184,2016
ROMANIA,Central and Eastern Europe,57.0,5.824999809265139,1.21768391132355,1.15009129047394,0.6851583123207089,0.457003742456436,0.00438790069893,0.133519917726517,2.17683148384094,2017
SERBIA,Central and Eastern Europe,87.0,5.122999999999999,0.92053,1.00964,0.74836,0.20107,0.02617,0.1923099999999999,2.025,2015
SERBIA,Central and Eastern Europe,86.0,5.1770000000000005,1.03437,0.81329,0.6458,0.15718,0.04339,0.2073699999999999,2.27539,2016
SERBIA,Central and Eastern Europe,73.0,5.39499998092651,1.06931757926941,1.2581897974014298,0.65078467130661,0.208715528249741,0.0409037806093689,0.2201258838176729,1.94708442687988,2017
PORTUGAL,Western Europe,88.0,5.102,1.15991,1.13935,0.8751899999999999,0.51469,0.01078,0.13719,1.26462,2015
PORTUGAL,Western Europe,94.0,5.122999999999999,1.27607,0.94367,0.7936300000000001,0.44727,0.01521,0.1169099999999999,1.53015,2016
PORTUGAL,Western Europe,89.0,5.19500017166138,1.3151752948761002,1.36704301834106,0.795843541622162,0.498465299606323,0.01586945168674,0.095102712512016,1.10768270492554,2017
LATVIA,Central and Eastern Europe,89.0,5.098,1.11312,1.09562,0.72437,0.29671,0.06332,0.1822599999999999,1.62215,2015
LATVIA,Central and Eastern Europe,68.0,5.56,1.21788,0.95025,0.63952,0.27996,0.0889,0.17445,2.20859,2016
LATVIA,Central and Eastern Europe,54.0,5.849999904632571,1.26074862480164,1.40471494197845,0.638566970825195,0.3257079124450679,0.073842726647854,0.153074786067009,1.9936552047729497,2017
PHILIPPINES,Southeastern Asia,90.0,5.073,0.70532,1.03516,0.58114,0.62545,0.12279,0.24991,1.7536,2015
PHILIPPINES,Southeastern Asia,82.0,5.279,0.81217,0.87877,0.47036,0.5485399999999999,0.11757,0.21674,2.23484,2016
PHILIPPINES,Southeastern Asia,72.0,5.42999982833862,0.85769921541214,1.25391757488251,0.468009054660797,0.585214674472809,0.099331893026829,0.193513423204422,1.9726047515869096,2017
SOMALILAND REGION,Sub-Saharan Africa,91.0,5.057,0.18847,0.95152,0.43873,0.4658199999999999,0.39928,0.5031800000000001,2.11032,2015
MOROCCO,Middle East and Northern Africa,92.0,5.013,0.7347899999999999,0.64095,0.60954,0.41691,0.08546,0.07172,2.45373,2015
MOROCCO,Middle East and Northern Africa,90.0,5.151,0.8405799999999999,0.38595,0.5947100000000001,0.2564599999999999,0.08404,0.04053,2.94891,2016
MOROCCO,Middle East and Northern Africa,84.0,5.2350001335144,0.8781145811080929,0.774864435195923,0.59771066904068,0.408158332109451,0.0877631828188899,0.03220995515585,2.45618939399719,2017
MACEDONIA,Central and Eastern Europe,93.0,5.007,0.91851,1.00232,0.73545,0.33457,0.05327,0.22359,1.7393299999999998,2015
MACEDONIA,Central and Eastern Europe,95.0,5.121,1.0193,0.78236,0.6473800000000001,0.27668,0.07047,0.2350699999999999,2.08947,2016
MACEDONIA,Central and Eastern Europe,92.0,5.175000190734861,1.06457793712616,1.20789301395416,0.644948184490204,0.325905978679657,0.060277793556452,0.25376096367836,1.6174693107605,2017
MOZAMBIQUE,Sub-Saharan Africa,94.0,4.971,0.08308,1.02626,0.09131,0.34037,0.15603,0.22269,3.05137,2015
MOZAMBIQUE,Sub-Saharan Africa,78.82978723404256,5.370727659882895,0.9278300665993272,0.9903466411073558,0.5799680453295953,0.40282771445329796,0.13478981744887564,0.24224108106504036,2.0927166380211846,2016
MOZAMBIQUE,Sub-Saharan Africa,113.0,4.550000190734861,0.2343056499958039,0.870701014995575,0.1066544353961939,0.480791091918945,0.179436385631561,0.322228103876114,2.3556509017944305,2017
ALBANIA,Central and Eastern Europe,95.0,4.959,0.8786700000000001,0.8043399999999999,0.81325,0.35733,0.0641299999999999,0.14272,1.89894,2015
ALBANIA,Central and Eastern Europe,109.0,4.655,0.9553,0.50163,0.73007,0.31866,0.05301,0.1684,1.92816,2016
ALBANIA,Central and Eastern Europe,109.0,4.64400005340576,0.996192753314972,0.8036852478981021,0.731159746646881,0.381498634815216,0.039864215999842,0.201312944293022,1.49044156074524,2017
BOSNIA AND HERZEGOVINA,Central and Eastern Europe,96.0,4.949,0.8322299999999999,0.91916,0.79081,0.09245,0.00227,0.24808,2.06367,2015
BOSNIA AND HERZEGOVINA,Central and Eastern Europe,87.0,5.162999999999999,0.93383,0.64367,0.7076600000000001,0.09511,0.0,0.29889,2.48406,2016
BOSNIA AND HERZEGOVINA,Central and Eastern Europe,90.0,5.18200016021729,0.982409417629242,1.0693359375,0.705186307430267,0.204403176903725,0.0,0.328867495059967,1.89217257499695,2017
LESOTHO,Sub-Saharan Africa,97.0,4.898,0.37545,1.04103,0.07612,0.31767,0.12504,0.16388,2.79832,2015
LESOTHO,Sub-Saharan Africa,78.82978723404256,5.370727659882895,0.9278300665993272,0.9903466411073558,0.5799680453295953,0.40282771445329796,0.13478981744887564,0.24224108106504036,2.0927166380211846,2016
LESOTHO,Sub-Saharan Africa,139.0,3.80800008773804,0.521021246910095,1.19009518623352,0.0,0.390661299228668,0.119094640016556,0.157497271895409,1.42983531951904,2017
DOMINICAN REPUBLIC,Latin America and Caribbean,98.0,4.885,0.8953700000000001,1.17202,0.66825,0.57672,0.14234,0.21684,1.21305,2015
DOMINICAN REPUBLIC,Latin America and Caribbean,89.0,5.155,1.02787,0.99496,0.5766899999999999,0.52259,0.12372,0.21286,1.69626,2016
DOMINICAN REPUBLIC,Latin America and Caribbean,86.0,5.230000019073491,1.07937383651733,1.4024167060852095,0.574873745441437,0.55258983373642,0.113945253193378,0.186967849731445,1.3194651603698702,2017
LAOS,Southeastern Asia,99.0,4.876,0.5906600000000001,0.73803,0.54909,0.59591,0.24249,0.4219199999999999,1.73799,2015
LAOS,Southeastern Asia,102.0,4.876,0.68042,0.5497,0.38291,0.52168,0.22423,0.4307899999999999,2.08637,2016
LAOS,Southeastern Asia,78.82978723404256,5.370727659882895,0.9278300665993272,0.9903466411073558,0.5799680453295953,0.40282771445329796,0.13478981744887564,0.24224108106504036,2.0927166380211846,2017
MONGOLIA,Eastern Asia,100.0,4.874,0.82819,1.3006,0.60268,0.43626,0.02666,0.3323,1.34759,2015
MONGOLIA,Eastern Asia,101.0,4.907,0.98853,1.08983,0.55469,0.35972,0.03285,0.34539,1.53586,2016
MONGOLIA,Eastern Asia,100.0,4.95499992370605,1.02723586559296,1.4930112361908,0.557783484458923,0.394143968820572,0.032902289181948,0.338464230298996,1.11129236221313,2017
SWAZILAND,Sub-Saharan Africa,101.0,4.867,0.71206,1.07284,0.07566,0.30658,0.0306,0.18259,2.48676,2015
SWAZILAND,Sub-Saharan Africa,78.82978723404256,5.370727659882895,0.9278300665993272,0.9903466411073558,0.5799680453295953,0.40282771445329796,0.13478981744887564,0.24224108106504036,2.0927166380211846,2016
SWAZILAND,Sub-Saharan Africa,78.82978723404256,5.370727659882895,0.9278300665993272,0.9903466411073558,0.5799680453295953,0.40282771445329796,0.13478981744887564,0.24224108106504036,2.0927166380211846,2017
GREECE,Western Europe,102.0,4.857,1.15406,0.92933,0.88213,0.07699,0.0139699999999999,0.0,1.8010099999999998,2015
GREECE,Western Europe,99.0,5.033,1.24886,0.75473,0.80029,0.05822,0.04127,0.0,2.12944,2016
GREECE,Western Europe,87.0,5.227000236511231,1.28948748111725,1.23941457271576,0.8101989030838009,0.095731250941753,0.04328977689147,0.0,1.74922156333923,2017
LEBANON,Middle East and Northern Africa,103.0,4.839,1.02564,0.80001,0.83947,0.33916,0.04582,0.21854,1.57059,2015
LEBANON,Middle East and Northern Africa,93.0,5.129,1.12268,0.64184,0.76171,0.26228,0.03061,0.23693,2.0733900000000003,2016
LEBANON,Middle East and Northern Africa,88.0,5.22499990463257,1.07498753070831,1.12962424755096,0.7350810766220089,0.2885159850120539,0.037513829767704,0.264450758695602,1.69507384300232,2017
HUNGARY,Central and Eastern Europe,104.0,4.8,1.12094,1.20215,0.75905,0.3211199999999999,0.02758,0.128,1.24074,2015
HUNGARY,Central and Eastern Europe,91.0,5.145,1.24142,0.93164,0.67608,0.1977,0.0447199999999999,0.099,1.95473,2016
HUNGARY,Central and Eastern Europe,75.0,5.32399988174438,1.2860119342803995,1.34313309192657,0.6877634525299069,0.1758635193109509,0.036636937409639,0.078401662409306,1.7164592742919902,2017
HONDURAS,Latin America and Caribbean,105.0,4.788,0.59532,0.95348,0.6951,0.40148,0.06825,0.2302699999999999,1.84408,2015
HONDURAS,Latin America and Caribbean,104.0,4.871,0.69429,0.7559600000000001,0.5838300000000001,0.26755,0.06906,0.2044,2.29551,2016
HONDURAS,Latin America and Caribbean,91.0,5.1810002326965305,0.730573117733002,1.14394497871399,0.582569479942322,0.348079860210419,0.073345452547073,0.236188873648643,2.0658111572265603,2017
TAJIKISTAN,Central and Eastern Europe,106.0,4.7860000000000005,0.39047,0.8556299999999999,0.5737899999999999,0.47216,0.15072,0.22974,2.1139900000000003,2015
TAJIKISTAN,Central and Eastern Europe,100.0,4.996,0.48835,0.75602,0.5311899999999999,0.43408,0.13509,0.25998,2.39106,2016
TAJIKISTAN,Central and Eastern Europe,96.0,5.04099988937378,0.524713635444641,1.27146327495575,0.5292351245880129,0.4715667068958279,0.146377146244049,0.248997643589973,1.8490493297576895,2017
TUNISIA,Middle East and Northern Africa,107.0,4.739,0.88113,0.60429,0.73793,0.26268,0.06358,0.06431,2.12466,2015
TUNISIA,Middle East and Northern Africa,98.0,5.045,0.97724,0.43165,0.59577,0.23553,0.0817,0.03936,2.68413,2016
TUNISIA,Middle East and Northern Africa,102.0,4.80499982833862,1.00726580619812,0.8683514595031742,0.613212049007416,0.289680689573288,0.086723148822784,0.049693357199431,1.8902511596679696,2017
PALESTINIAN TERRITORIES,Middle East and Northern Africa,108.0,4.715,0.59867,0.92558,0.66015,0.24499,0.12905,0.1125099999999999,2.0438400000000003,2015
PALESTINIAN TERRITORIES,Middle East and Northern Africa,108.0,4.754,0.67024,0.71629,0.56844,0.17744,0.10613,0.11154,2.40364,2016
PALESTINIAN TERRITORIES,Middle East and Northern Africa,103.0,4.77500009536743,0.716249227523804,1.15564715862274,0.565666973590851,0.25471106171608,0.0892826020717619,0.114173173904419,1.8788902759552,2017
BANGLADESH,Southern Asia,109.0,4.694,0.39753,0.43106,0.60164,0.4082,0.12569,0.21222,2.51767,2015
BANGLADESH,Southern Asia,110.0,4.643,0.54177,0.24749,0.52989,0.39778,0.12583,0.19132,2.60904,2016
BANGLADESH,Southern Asia,110.0,4.60799980163574,0.586682975292206,0.735131740570068,0.533241033554077,0.478356659412384,0.123717859387398,0.172255352139473,1.9787361621856696,2017
IRAN,Middle East and Northern Africa,110.0,4.686,1.0088,0.54447,0.69805,0.30033,0.0586299999999999,0.38086,1.6944,2015
IRAN,Middle East and Northern Africa,105.0,4.813,1.11758,0.3885699999999999,0.64232,0.22544,0.0557,0.38538,1.99817,2016
IRAN,Middle East and Northern Africa,108.0,4.69199991226196,1.15687310695648,0.7115512490272521,0.639333188533783,0.2493226081132889,0.048761073499918,0.387242913246155,1.49873495101929,2017
UKRAINE,Central and Eastern Europe,111.0,4.681,0.79907,1.20278,0.6739,0.25123,0.02961,0.15275,1.5714,2015
UKRAINE,Central and Eastern Europe,123.0,4.324,0.87287,1.01413,0.58628,0.12859,0.01829,0.20363,1.50066,2016
UKRAINE,Central and Eastern Europe,132.0,4.09600019454956,0.89465194940567,1.39453756809235,0.575903952121735,0.122974775731564,0.023029470816255,0.270061463117599,0.8143823146820072,2017
IRAQ,Middle East and Northern Africa,112.0,4.677,0.98549,0.81889,0.60237,0.0,0.13788,0.17922,1.95335,2015
IRAQ,Middle East and Northern Africa,112.0,4.575,1.07474,0.59205,0.51076,0.24856,0.1363599999999999,0.19589,1.81657,2016
IRAQ,Middle East and Northern Africa,117.0,4.49700021743774,1.1027104854583702,0.978613197803497,0.501180469989777,0.288555532693863,0.1072157546877859,0.19963726401329,1.31890726089478,2017
SOUTH AFRICA,Sub-Saharan Africa,113.0,4.642,0.92049,1.18468,0.27688,0.33207,0.08884,0.1197299999999999,1.7195599999999998,2015
SOUTH AFRICA,Sub-Saharan Africa,116.0,4.459,1.02416,0.96053,0.18611,0.42483,0.08415,0.13656,1.64227,2016
SOUTH AFRICA,Sub-Saharan Africa,101.0,4.8289999961853,1.05469870567322,1.38478863239288,0.187080070376396,0.479246735572815,0.072509497404099,0.1393623799085619,1.51090860366821,2017
GHANA,Sub-Saharan Africa,114.0,4.633,0.5455800000000001,0.6795399999999999,0.4013199999999999,0.4234199999999999,0.04355,0.23087,2.30919,2015
GHANA,Sub-Saharan Africa,124.0,4.276,0.63107,0.49353,0.29681,0.40973,0.0326,0.21203,2.2002,2016
GHANA,Sub-Saharan Africa,131.0,4.11999988555908,0.667224824428558,0.873664736747742,0.295637726783752,0.423026293516159,0.025336369872093,0.256923943758011,1.57786750793457,2017
ZIMBABWE,Sub-Saharan Africa,115.0,4.61,0.271,1.03276,0.33475,0.25861,0.08079,0.18987,2.44191,2015
ZIMBABWE,Sub-Saharan Africa,131.0,4.1930000000000005,0.35041,0.71478,0.1595,0.25429,0.08582,0.18503,2.4427,2016
ZIMBABWE,Sub-Saharan Africa,138.0,3.875,0.375846534967422,1.08309590816498,0.196763753890991,0.336384207010269,0.0953753814101219,0.189143493771553,1.59797024726868,2017
LIBERIA,Sub-Saharan Africa,116.0,4.571000000000001,0.0712,0.78968,0.34201,0.28531,0.06232,0.2436199999999999,2.7772900000000003,2015
LIBERIA,Sub-Saharan Africa,150.0,3.622,0.1070599999999999,0.50353,0.23165,0.25748,0.04852,0.24063,2.23284,2016
LIBERIA,Sub-Saharan Africa,148.0,3.532999992370609,0.1190417930483819,0.8721179366111759,0.229918196797371,0.3328811824321749,0.038948249071837,0.26654988527298,1.6732859611511202,2017
INDIA,Southern Asia,117.0,4.565,0.64499,0.38174,0.5152899999999999,0.39786,0.08492,0.26475,2.27513,2015
INDIA,Southern Asia,118.0,4.404,0.74036,0.29247,0.45091,0.40285,0.08722,0.25028,2.18032,2016
INDIA,Southern Asia,122.0,4.31500005722046,0.7922212481498722,0.754372596740723,0.455427616834641,0.469987004995346,0.092226885259152,0.231538489460945,1.5191171169281,2017
SUDAN,Sub-Saharan Africa,118.0,4.55,0.52107,1.01404,0.36878,0.10081,0.1466,0.19062,2.20857,2015
SUDAN,Sub-Saharan Africa,133.0,4.138999999999999,0.63069,0.8192799999999999,0.29759,0.0,0.10039,0.18077,2.10995,2016
SUDAN,Sub-Saharan Africa,130.0,4.138999938964839,0.6595166921615601,1.21400856971741,0.290920823812485,0.0149958552792669,0.089847519993782,0.182317450642586,1.6870658397674598,2017
HAITI,Latin America and Caribbean,119.0,4.518,0.26673,0.74302,0.38847,0.24425,0.17175,0.46187,2.24173,2015
HAITI,Latin America and Caribbean,136.0,4.0280000000000005,0.34097,0.29561,0.27494,0.12072,0.14476,0.47958,2.37116,2016
HAITI,Latin America and Caribbean,145.0,3.6029999256134,0.368610262870789,0.640449821949005,0.277321130037308,0.03036985732615,0.099872149527073,0.4892037808895109,1.69716763496399,2017
CONGO (KINSHASA),Central Africa,120.0,4.517,0.0,1.0012,0.09806,0.22605,0.07625,0.24834,2.86712,2015
CONGO (KINSHASA),Central Africa,125.0,4.272,0.05661,0.80676,0.188,0.15602,0.06075,0.25458,2.7492400000000004,2016
CONGO (KINSHASA),Central Africa,126.0,4.280000209808351,0.092102348804474,1.22902345657349,0.191407024860382,0.235961347818375,0.060241356492043,0.246455833315849,2.22495865821838,2017
NEPAL,Southern Asia,121.0,4.513999999999999,0.3599699999999999,0.86449,0.5687399999999999,0.38282,0.05907,0.3229599999999999,1.95637,2015
NEPAL,Southern Asia,107.0,4.793,0.44626,0.69699,0.50073,0.37012,0.0700799999999999,0.3816,2.32694,2016
NEPAL,Southern Asia,99.0,4.961999893188481,0.479820191860199,1.17928326129913,0.504130780696869,0.440305948257446,0.072975546121597,0.394096165895462,1.8912410736084,2017
ETHIOPIA,Sub-Saharan Africa,122.0,4.512,0.1907299999999999,0.60406,0.44055,0.4345,0.15048,0.24325,2.44876,2015
ETHIOPIA,Sub-Saharan Africa,115.0,4.508,0.29283,0.37932,0.34578,0.36703,0.1717,0.29522,2.65614,2016
ETHIOPIA,Sub-Saharan Africa,119.0,4.46000003814697,0.339233845472336,0.8646692037582401,0.3534097075462339,0.408842742443085,0.1654557138681409,0.3126507401466369,2.01574373245239,2017
SIERRA LEONE,Sub-Saharan Africa,123.0,4.507,0.33024,0.95571,0.0,0.4084,0.08786,0.21488,2.51009,2015
SIERRA LEONE,Sub-Saharan Africa,111.0,4.635,0.36485,0.628,0.0,0.30685,0.08196,0.23897,3.01402,2016
SIERRA LEONE,Sub-Saharan Africa,106.0,4.70900011062622,0.36842092871666,0.984136044979095,0.005564753897488,0.318697690963745,0.0710951760411259,0.293040901422501,2.66845989227295,2017
MAURITANIA,Sub-Saharan Africa,124.0,4.436,0.45407,0.86908,0.35874,0.2423199999999999,0.17461,0.2189999999999999,2.11773,2015
MAURITANIA,Sub-Saharan Africa,130.0,4.2010000000000005,0.6139100000000001,0.8414200000000001,0.28639,0.1268,0.17955,0.2268599999999999,1.9263,2016
MAURITANIA,Sub-Saharan Africa,123.0,4.29199981689453,0.6484572887420649,1.2720308303833,0.285349279642105,0.0960980430245399,0.136957004666328,0.201870024204254,1.65163731575012,2017
KENYA,Sub-Saharan Africa,125.0,4.419,0.36471,0.99876,0.41435,0.42215,0.05839,0.37542,1.78555,2015
KENYA,Sub-Saharan Africa,122.0,4.356,0.52267,0.7624,0.3014699999999999,0.40576,0.06686,0.41328,1.88326,2016
KENYA,Sub-Saharan Africa,112.0,4.55299997329712,0.560479462146759,1.06795072555542,0.309988349676132,0.4527637660503389,0.0646413192152979,0.444860309362411,1.6519021987915,2017
DJIBOUTI,Sub-Saharan Africa,126.0,4.369,0.44025,0.59207,0.36291,0.46074,0.28105,0.18093,2.05125,2015
DJIBOUTI,Sub-Saharan Africa,78.82978723404256,5.370727659882895,0.9278300665993272,0.9903466411073558,0.5799680453295953,0.40282771445329796,0.13478981744887564,0.24224108106504036,2.0927166380211846,2016
DJIBOUTI,Sub-Saharan Africa,78.82978723404256,5.370727659882895,0.9278300665993272,0.9903466411073558,0.5799680453295953,0.40282771445329796,0.13478981744887564,0.24224108106504036,2.0927166380211846,2017
ARMENIA,Central and Eastern Europe,127.0,4.35,0.7682100000000001,0.7771100000000001,0.7299,0.19847,0.039,0.07855,1.75873,2015
ARMENIA,Central and Eastern Europe,121.0,4.36,0.8608600000000001,0.6247699999999999,0.64083,0.14037,0.03616,0.07793,1.97864,2016
ARMENIA,Central and Eastern Europe,121.0,4.37599992752075,0.900596737861633,1.00748372077942,0.637524425983429,0.198303267359734,0.0266744215041399,0.083488091826439,1.5214991569519,2017
BOTSWANA,Sub-Saharan Africa,128.0,4.332,0.99355,1.10464,0.04776,0.49495,0.12474,0.10461,1.46181,2015
BOTSWANA,Sub-Saharan Africa,137.0,3.974,1.09426,0.89186,0.34752,0.4408899999999999,0.10769,0.12425,0.96741,2016
BOTSWANA,Sub-Saharan Africa,142.0,3.7660000324249294,1.12209415435791,1.22155499458313,0.341755509376526,0.505196332931519,0.0985831990838049,0.099348448216915,0.3779137134552,2017
MYANMAR,Southeastern Asia,129.0,4.307,0.27108,0.70905,0.48246,0.44017,0.19034,0.79588,1.41805,2015
MYANMAR,Southeastern Asia,119.0,4.395,0.34112,0.69981,0.3988,0.4269199999999999,0.20243,0.81971,1.50655,2016
MYANMAR,Southeastern Asia,114.0,4.54500007629395,0.3671105504035949,1.12323594093323,0.397522568702698,0.514492034912109,0.188816204667091,0.8380751609802249,1.11529040336609,2017
GEORGIA,Central and Eastern Europe,130.0,4.297,0.7419,0.3856199999999999,0.72926,0.4057699999999999,0.38331,0.05547,1.59541,2015
GEORGIA,Central and Eastern Europe,126.0,4.252,0.8379200000000001,0.19249,0.64035,0.32461,0.3188,0.06786,1.87031,2016
GEORGIA,Central and Eastern Europe,125.0,4.28599977493286,0.950612664222717,0.57061493396759,0.649546980857849,0.309410035610199,0.251666635274887,0.0540088154375549,1.50013780593872,2017
MALAWI,Sub-Saharan Africa,131.0,4.292,0.01604,0.41134,0.22562,0.43054,0.06977,0.33128,2.80791,2015
MALAWI,Sub-Saharan Africa,132.0,4.156000000000001,0.08709,0.147,0.29364,0.4143,0.07564,0.30968,2.82859,2016
MALAWI,Sub-Saharan Africa,136.0,3.97000002861023,0.233442038297653,0.5125688314437871,0.315089583396912,0.466914653778076,0.072711654007435,0.287170469760895,2.08178615570068,2017
SRI LANKA,Southern Asia,132.0,4.271,0.83524,1.01905,0.70806,0.5372600000000001,0.09179,0.40828,0.67108,2015
SRI LANKA,Southern Asia,117.0,4.415,0.97318,0.84783,0.62007,0.50817,0.07964,0.46978,0.91681,2016
SRI LANKA,Southern Asia,120.0,4.44000005722046,1.00985014438629,1.25997638702393,0.625130832195282,0.561213254928589,0.073653966188431,0.4908635616302489,0.419389247894287,2017
CAMEROON,Sub-Saharan Africa,133.0,4.252,0.4225,0.8876700000000001,0.2340199999999999,0.49309,0.05786,0.20618,1.95071,2015
CAMEROON,Sub-Saharan Africa,114.0,4.513,0.5249699999999999,0.62542,0.1269799999999999,0.42736,0.06126,0.2268,2.5198,2016
CAMEROON,Sub-Saharan Africa,107.0,4.69500017166138,0.564305365085602,0.946018218994141,0.132892116904259,0.430388748645782,0.051306631416082,0.236298456788063,2.3336455821991,2017
BULGARIA,Central and Eastern Europe,134.0,4.218,1.01216,1.10614,0.76649,0.30587,0.00872,0.11921,0.89991,2015
BULGARIA,Central and Eastern Europe,129.0,4.217,1.11306,0.92542,0.67806,0.21219,0.00615,0.12793,1.15377,2016
BULGARIA,Central and Eastern Europe,105.0,4.71400022506714,1.1614590883255,1.43437945842743,0.708217680454254,0.2892317175865169,0.011051530949771,0.113177694380283,0.996139287948608,2017
EGYPT,Middle East and Northern Africa,135.0,4.194,0.8818,0.747,0.61712,0.17288,0.06324,0.11291,1.59927,2015
EGYPT,Middle East and Northern Africa,120.0,4.362,0.95395,0.49813,0.5211600000000001,0.18847,0.10393,0.1270599999999999,1.96895,2016
EGYPT,Middle East and Northern Africa,104.0,4.7350001335144,0.989701807498932,0.997471392154694,0.520187258720398,0.2821101546287539,0.114381365478039,0.128631442785263,1.70216107368469,2017
YEMEN,Middle East and Northern Africa,136.0,4.077,0.5464899999999999,0.68093,0.40064,0.3557099999999999,0.07854,0.09131,1.92313,2015
YEMEN,Middle East and Northern Africa,147.0,3.724,0.57939,0.47493,0.31048,0.2287,0.05892,0.09821,1.97295,2016
YEMEN,Middle East and Northern Africa,146.0,3.59299993515015,0.5916834473609921,0.93538224697113,0.310080915689468,0.249463722109795,0.056767422705889,0.104125209152699,1.34560060501099,2017
ANGOLA,Sub-Saharan Africa,137.0,4.033,0.75778,0.8604,0.16683,0.10384,0.07122,0.12344,1.94939,2015
ANGOLA,Sub-Saharan Africa,141.0,3.866,0.84731,0.66366,0.04991,0.00589,0.08434,0.1207099999999999,2.09459,2016
ANGOLA,Sub-Saharan Africa,140.0,3.79500007629395,0.8584281802177429,1.10441195964813,0.049868665635586,0.0,0.069720335304737,0.0979264900088309,1.61448240280151,2017
MALI,Sub-Saharan Africa,138.0,3.995,0.26074,1.03526,0.20583,0.3885699999999999,0.12352,0.18798,1.79293,2015
MALI,Sub-Saharan Africa,135.0,4.073,0.31292,0.8633299999999999,0.16347,0.27544,0.13647,0.21064,2.11087,2016
MALI,Sub-Saharan Africa,127.0,4.19000005722046,0.476180493831635,1.2814733982086202,0.169365674257278,0.306613743305206,0.1049702465534209,0.183354198932648,1.66819095611572,2017
CONGO (BRAZZAVILLE),Central Africa,139.0,3.989,0.67866,0.6629,0.31051,0.41466,0.1168599999999999,0.1238799999999999,1.68135,2015
CONGO (BRAZZAVILLE),Central Africa,127.0,4.236000000000001,0.7710899999999999,0.4779899999999999,0.28212,0.37938,0.0975299999999999,0.12077,2.10681,2016
CONGO (BRAZZAVILLE),Central Africa,124.0,4.29099988937378,0.8089642524719242,0.8320443630218509,0.28995743393898,0.4350258708000179,0.079618133604527,0.1208521276712419,1.72413563728333,2017
COMOROS,Sub-Saharan Africa,140.0,3.956,0.23906,0.79273,0.36315,0.2291699999999999,0.1989999999999999,0.1744099999999999,1.95812,2015
COMOROS,Sub-Saharan Africa,138.0,3.956,0.27509,0.60323,0.2998099999999999,0.15412,0.18437,0.1827,2.25632,2016
COMOROS,Sub-Saharan Africa,78.82978723404256,5.370727659882895,0.9278300665993272,0.9903466411073558,0.5799680453295953,0.40282771445329796,0.13478981744887564,0.24224108106504036,2.0927166380211846,2017
UGANDA,Sub-Saharan Africa,141.0,3.931,0.2110199999999999,1.13299,0.3386099999999999,0.4572699999999999,0.07267,0.29066,1.42766,2015
UGANDA,Sub-Saharan Africa,145.0,3.739,0.34719,0.90981,0.19625,0.43653,0.06442,0.27102,1.51416,2016
UGANDA,Sub-Saharan Africa,133.0,4.08099985122681,0.381430715322495,1.12982773780823,0.217632606625557,0.443185955286026,0.057069718837738,0.325766056776047,1.526362657547,2017
SENEGAL,Sub-Saharan Africa,142.0,3.904,0.36498,0.97619,0.4354,0.36772,0.1071299999999999,0.20843,1.44395,2015
SENEGAL,Sub-Saharan Africa,128.0,4.218999999999999,0.44314,0.7741600000000001,0.40457,0.31056,0.11681,0.19103,1.97861,2016
SENEGAL,Sub-Saharan Africa,115.0,4.53499984741211,0.479309022426605,1.17969191074371,0.409362852573395,0.3779222667217249,0.1154604479670519,0.183468893170357,1.78964614868164,2017
GABON,Sub-Saharan Africa,143.0,3.896,1.06024,0.90528,0.43372,0.31914,0.11091,0.06822,0.99895,2015
GABON,Sub-Saharan Africa,134.0,4.121,1.15851,0.72368,0.3494,0.28098,0.09314,0.0624399999999999,1.4533200000000002,2016
GABON,Sub-Saharan Africa,118.0,4.46500015258789,1.1982102394104,1.1556202173233,0.3565785884857179,0.312328577041626,0.076046787202358,0.0437853783369059,1.3229162693023702,2017
NIGER,Sub-Saharan Africa,144.0,3.845,0.0694,0.77265,0.29707,0.4769199999999999,0.15639,0.19387,1.87877,2015
NIGER,Sub-Saharan Africa,142.0,3.856,0.1327,0.6053,0.2616199999999999,0.3804099999999999,0.17176,0.2097,2.09469,2016
NIGER,Sub-Saharan Africa,135.0,4.02799987792969,0.1619253307580949,0.993025004863739,0.26850500702858,0.36365869641304,0.138572946190834,0.228673845529556,1.87398338317871,2017
CAMBODIA,Southeastern Asia,145.0,3.819,0.46038,0.62736,0.61114,0.66246,0.07247,0.40359,0.98195,2015
CAMBODIA,Southeastern Asia,140.0,3.907,0.55604,0.5375,0.42494,0.5885199999999999,0.08092,0.40339,1.3157299999999998,2016
CAMBODIA,Southeastern Asia,129.0,4.1680002212524405,0.6017650961875921,1.00623834133148,0.429783403873444,0.633375823497772,0.068105950951576,0.385922968387604,1.04294109344482,2017
TANZANIA,Sub-Saharan Africa,146.0,3.781,0.2852,1.00268,0.38215,0.32878,0.05747,0.3437699999999999,1.38079,2015
TANZANIA,Sub-Saharan Africa,149.0,3.666,0.47155,0.77623,0.357,0.3176,0.05099,0.31472,1.37769,2016
TANZANIA,Sub-Saharan Africa,153.0,3.34899997711182,0.511135876178741,1.04198980331421,0.364509284496307,0.390017777681351,0.0660351067781449,0.354256361722946,0.621130466461182,2017
MADAGASCAR,Sub-Saharan Africa,147.0,3.681,0.20824,0.66801,0.46721,0.19184,0.0812399999999999,0.21333,1.851,2015
MADAGASCAR,Sub-Saharan Africa,148.0,3.695,0.27954,0.46115,0.37109,0.13684,0.07506,0.2204,2.15075,2016
MADAGASCAR,Sub-Saharan Africa,144.0,3.64400005340576,0.305808693170547,0.9130203723907472,0.375223308801651,0.189196765422821,0.067231975495815,0.208732530474663,1.58461260795593,2017
CENTRAL AFRICAN REPUBLIC,Sub-Saharan Africa,148.0,3.678,0.0785,0.0,0.06699,0.4887899999999999,0.0828899999999999,0.23835,2.7223,2015
CENTRAL AFRICAN REPUBLIC,Sub-Saharan Africa,78.82978723404256,5.370727659882895,0.9278300665993272,0.9903466411073558,0.5799680453295953,0.40282771445329796,0.13478981744887564,0.24224108106504036,2.0927166380211846,2016
CENTRAL AFRICAN REPUBLIC,Sub-Saharan Africa,155.0,2.69300007820129,0.0,0.0,0.018772685900331,0.270842045545578,0.056565076112747,0.280876487493515,2.06600475311279,2017
CHAD,Sub-Saharan Africa,149.0,3.667,0.34193,0.76062,0.1501,0.23501,0.05269,0.18386,1.94296,2015
CHAD,Sub-Saharan Africa,144.0,3.763,0.4221399999999999,0.63178,0.0382399999999999,0.12807,0.04952,0.18667,2.3063700000000003,2016
CHAD,Sub-Saharan Africa,137.0,3.9360001087188703,0.4380129873752589,0.953855872154236,0.041134715080261,0.16234202682972,0.05358188226819,0.216113850474358,2.07123804092407,2017
GUINEA,Sub-Saharan Africa,150.0,3.656,0.17417,0.46475,0.24009,0.37725,0.12139,0.28657,1.99172,2015
GUINEA,Sub-Saharan Africa,151.0,3.607,0.22415,0.3109,0.18829,0.30953,0.1192,0.29914,2.15604,2016
GUINEA,Sub-Saharan Africa,149.0,3.50699996948242,0.244549930095673,0.7912446856498722,0.194129139184952,0.348587512969971,0.110937617719173,0.264815092086792,1.55231189727783,2017
IVORY COAST,Sub-Saharan Africa,151.0,3.655,0.46534,0.77115,0.15185,0.46866,0.17922,0.20165,1.41723,2015
IVORY COAST,Sub-Saharan Africa,139.0,3.916,0.55507,0.57576,0.04476,0.40663,0.1553,0.20338,1.97478,2016
IVORY COAST,Sub-Saharan Africa,128.0,4.17999982833862,0.6030489206314089,0.904780030250549,0.048642169684172,0.4477061927318571,0.130061775445938,0.201237469911575,1.84496426582336,2017
BURKINA FASO,Sub-Saharan Africa,152.0,3.587,0.2581199999999999,0.85188,0.27125,0.39493,0.12832,0.2174699999999999,1.46494,2015
BURKINA FASO,Sub-Saharan Africa,145.0,3.739,0.31995,0.63054,0.21297,0.3337,0.12533,0.24353,1.87319,2016
BURKINA FASO,Sub-Saharan Africa,134.0,4.03200006484985,0.3502277135849,1.04328000545502,0.2158442586660389,0.324367851018906,0.120328105986118,0.250864684581757,1.72721290588379,2017
AFGHANISTAN,Southern Asia,153.0,3.575,0.31982,0.30285,0.30335,0.23414,0.09719,0.3651,1.9521,2015
AFGHANISTAN,Southern Asia,154.0,3.36,0.38227,0.11037,0.17344,0.1643,0.07112,0.31268,2.14558,2016
AFGHANISTAN,Southern Asia,141.0,3.79399991035461,0.401477217674255,0.581543326377869,0.1807467788457869,0.106179520487785,0.061157830059528,0.311870932579041,2.15080118179321,2017
RWANDA,Sub-Saharan Africa,154.0,3.465,0.22208,0.7737,0.4286399999999999,0.59201,0.55191,0.22628,0.67042,2015
RWANDA,Sub-Saharan Africa,152.0,3.515,0.32846,0.6158600000000001,0.31865,0.5432,0.50521,0.2355199999999999,0.96819,2016
RWANDA,Sub-Saharan Africa,151.0,3.47099995613098,0.368745893239975,0.945707023143768,0.326424807310104,0.5818438529968261,0.455220013856888,0.2527560293674469,0.540061235427856,2017
BENIN,Sub-Saharan Africa,155.0,3.34,0.28665,0.35386,0.3191,0.4845,0.0801,0.1826,1.6332799999999998,2015
BENIN,Sub-Saharan Africa,153.0,3.484,0.39499,0.10419,0.21028,0.39747,0.06681,0.2018,2.10812,2016
BENIN,Sub-Saharan Africa,143.0,3.65700006484985,0.431085407733917,0.4352998435497279,0.209930211305618,0.4259627759456629,0.0609290152788159,0.207948461174965,1.88563096523285,2017
SYRIA,Middle East and Northern Africa,156.0,3.006,0.6632,0.47489,0.7219300000000001,0.15684,0.1890599999999999,0.47179,0.32858,2015
SYRIA,Middle East and Northern Africa,156.0,3.069,0.7471899999999999,0.14866,0.6299399999999999,0.06912,0.1723299999999999,0.4839699999999999,0.81789,2016
SYRIA,Middle East and Northern Africa,152.0,3.46199989318848,0.777153134346008,0.396102607250214,0.5005333423614501,0.0815394446253779,0.151347130537033,0.493663728237152,1.06157350540161,2017
BURUNDI,Sub-Saharan Africa,157.0,2.905,0.0153,0.4158699999999999,0.22396,0.1185,0.10062,0.19727,1.83302,2015
BURUNDI,Sub-Saharan Africa,157.0,2.905,0.06831,0.23442,0.15747,0.0432,0.09419,0.2029,2.1040400000000004,2016
BURUNDI,Sub-Saharan Africa,154.0,2.90499997138977,0.091622568666935,0.629793584346771,0.151610791683197,0.059900753200054,0.0841479450464249,0.2044351845979689,1.68302416801453,2017
TOGO,Sub-Saharan Africa,158.0,2.839,0.20868,0.13995,0.28443,0.36453,0.1073099999999999,0.1668099999999999,1.56726,2015
TOGO,Sub-Saharan Africa,155.0,3.303,0.28123,0.0,0.24811,0.34678,0.11587,0.17517,2.1354,2016
TOGO,Sub-Saharan Africa,150.0,3.4949998855590803,0.3054447174072269,0.4318825304508211,0.247105568647385,0.38042613863945,0.095665015280247,0.1968961507081989,1.8372292518615705,2017
BELIZE,Latin America and Caribbean,78.82978723404256,5.370727659882895,0.9278300665993272,0.9903466411073558,0.5799680453295953,0.40282771445329796,0.13478981744887564,0.24224108106504036,2.0927166380211846,2015
BELIZE,Latin America and Caribbean,52.0,5.956,0.87616,0.68655,0.45569,0.51231,0.1077099999999999,0.23684,3.08039,2016
BELIZE,Latin America and Caribbean,50.0,5.955999851226809,0.907975316047668,1.08141779899597,0.450191766023636,0.5475093722343439,0.096581071615219,0.240015640854836,2.63195562362671,2017
NAMIBIA,Sub-Saharan Africa,78.82978723404256,5.370727659882895,0.9278300665993272,0.9903466411073558,0.5799680453295953,0.40282771445329796,0.13478981744887564,0.24224108106504036,2.0927166380211846,2015
NAMIBIA,Sub-Saharan Africa,113.0,4.574,0.93287,0.70362,0.34745,0.4861399999999999,0.1039799999999999,0.07795,1.92198,2016
NAMIBIA,Sub-Saharan Africa,111.0,4.57399988174438,0.964434325695038,1.0984708070755,0.33861181139946,0.520303547382355,0.0931469723582269,0.077133744955063,1.4818902015686002,2017
PUERTO RICO,Latin America and Caribbean,78.82978723404256,5.370727659882895,0.9278300665993272,0.9903466411073558,0.5799680453295953,0.40282771445329796,0.13478981744887564,0.24224108106504036,2.0927166380211846,2015
PUERTO RICO,Latin America and Caribbean,15.0,7.039,1.35943,1.08113,0.77758,0.46823,0.12275,0.22202,3.0076,2016
PUERTO RICO,Latin America and Caribbean,78.82978723404256,5.370727659882895,0.9278300665993272,0.9903466411073558,0.5799680453295953,0.40282771445329796,0.13478981744887564,0.24224108106504036,2.0927166380211846,2017
SOMALIA,Sub-Saharan Africa,78.82978723404256,5.370727659882895,0.9278300665993272,0.9903466411073558,0.5799680453295953,0.40282771445329796,0.13478981744887564,0.24224108106504036,2.0927166380211846,2015
SOMALIA,Sub-Saharan Africa,76.0,5.44,0.0,0.33613,0.1146599999999999,0.5677800000000001,0.3118,0.27225,3.83772,2016
SOMALIA,Sub-Saharan Africa,93.0,5.151000022888179,0.022643184289336,0.7211513519287109,0.113989137113094,0.602126955986023,0.282410323619843,0.291631311178207,3.11748456954956,2017
SOMALILAND REGION,Sub-Saharan Africa,97.0,5.057,0.25558,0.75862,0.33108,0.3913,0.36794,0.51479,2.43801,2016
SOMALILAND REGION,Sub-Saharan Africa,78.82978723404256,5.370727659882895,0.9278300665993272,0.9903466411073558,0.5799680453295953,0.40282771445329796,0.13478981744887564,0.24224108106504036,2.0927166380211846,2017
SOUTH SUDAN,Sub-Saharan Africa,78.82978723404256,5.370727659882895,0.9278300665993272,0.9903466411073558,0.5799680453295953,0.40282771445329796,0.13478981744887564,0.24224108106504036,2.0927166380211846,2015
SOUTH SUDAN,Sub-Saharan Africa,143.0,3.832,0.39394,0.18519,0.1578099999999999,0.19662,0.13015,0.25899,2.50929,2016
SOUTH SUDAN,Sub-Saharan Africa,147.0,3.5910000801086404,0.39724862575531,0.601323127746582,0.163486003875732,0.147062435746193,0.116793513298035,0.285670816898346,1.8795673847198504,2017
